source,label,rows_today,key,rule,status
comparenbet,player_touchdowns,1727034,anytime-td,manual,mapped
comparenbet,player_reception_yds,783095,receiving-yards,manual,mapped
comparenbet,player_rush_yds,459618,rushing-yards,manual,mapped
comparenbet,player_pass_yds,297667,passing-yards,manual,mapped
comparenbet,player_receiving_longestReception,231143,longest-reception,manual,mapped
comparenbet,player_shots_on_target,212220,shots-on-target,manual,mapped
comparenbet,player_receptions,168400,receptions,app-alias,mapped
comparenbet,player_points,153482,points,app-alias,mapped
comparenbet,player_passing+rushing_yards,110384,pass-rush-yards,manual,mapped
comparenbet,player_pass_tds,82320,passing-tds,manual,mapped
comparenbet,player_rushing+receiving_yards,82201,rush-rec-yards,manual,mapped
comparenbet,player_pass_completions,74341,passing-completions,manual,mapped
comparenbet,player_rush_attempts,71065,rushing-attempts,manual,mapped
comparenbet,player_pass_attempts,51930,pass-attempts,app-alias,mapped
comparenbet,player_pass_interceptions,41471,interceptions-thrown,manual,mapped
comparenbet,player_rushing_longestRush,40389,longest-rush,manual,mapped
comparenbet,player_shots,37830,shots,manual,mapped
comparenbet,player_passing_longestCompletion,27193,longest-completion,manual,mapped
comparenbet,player_pitching_hits,14405,pitcher-hits-allowed,manual,mapped
comparenbet,player_tackles_assists,12186,tackles-assists,manual,mapped
comparenbet,player_kicking_totalPoints,11478,kicking-points,manual,mapped
comparenbet,player_kicking_points,10116,kicking-points,manual,mapped
comparenbet,player_assists,9012,assists,app-alias,mapped
comparenbet,player_fieldGoals_made,6488,field-goals-made,manual,mapped
comparenbet,player_pitching_basesOnBalls,6350,pitcher-walks-allowed,manual,mapped
comparenbet,player_defense_sacks,5919,sacks,manual,mapped
comparenbet,player_defense_assistedTackles,3370,assists,manual,mapped
betrivers,Receiving Yards,1610,receiving-yards,manual,mapped
steezanomics,Anytime TD,1476,anytime-td,manual,mapped
comparenbet,player_defense_interceptions,1309,defensive-interceptions,manual,mapped
betmgm,Touchdown,1242,anytime-td,manual,mapped
4codds,TOTAL BASES,1202,total-bases,manual,mapped
kalshi,hits_runs_rbis,1174,hits-runs-rbis,app-alias,mapped
betrivers,"Hits, Runs & RBIs",1108,hits-runs-rbis,manual,mapped
underdog,Rush + Rec TDs,1026,rush-rec-tds,app-alias,mapped
kalshi,receiving_yards,984,receiving-yards,manual,mapped
betrivers,Receptions,974,receptions,app-alias,mapped
fanduel,hits_runs_rbis,968,hits-runs-rbis,app-alias,mapped
fanduel,total_bases,968,total-bases,manual,mapped
fanduel,hits,961,pitcher-hits-allowed|hits,position,position
comparenbet,player_defense_soloTackles,916,solo-tackles,manual,mapped
kalshi,total_bases,916,total-bases,manual,mapped
comparenbet,player_total_saves,911,saves,manual,mapped
underdog,Kills on Maps 1+2,853,,no-app-sport,no-app-sport
betrivers,Hits,824,pitcher-hits-allowed|hits,position,position
kalshi,receptions,824,receptions,app-alias,mapped
betrivers,Rushing Yards,804,rushing-yards,app-alias,mapped
fanduel,rbis,797,rbis,app-alias,mapped
underdog,Receiving Yards,765,receiving-yards,manual,mapped
betmgm,ReceivingYards,764,receiving-yards,manual,mapped
kalshi,hits,759,pitcher-hits-allowed|hits,position,position
betrivers,Touchdown To Be,743,anytime-td,manual,mapped
betrivers,Touchdowns,725,anytime-td,app-alias,mapped
sleeper,anytime_touchdowns,706,anytime-td,manual,mapped
betrivers,RBIs,672,rbis,app-alias,mapped
underdog,Longest Reception,661,longest-reception,manual,mapped
sleeper,receiving_yards,638,receiving-yards,manual,mapped
betrivers,Total Bases,635,total-bases,manual,mapped
kalshi,touchdowns,624,anytime-td,app-alias,mapped
underdog,First TD Scorer,591,first-td-scorer,app-alias,mapped
fanduel,runs,588,runs,app-alias,mapped
underdog,Headshots on Maps 1+2,578,,no-app-sport,no-app-sport
betrivers,Passing Yards,532,passing-yards,app-alias,mapped
kalshi,rbis,507,rbis,app-alias,mapped
kalshi,rushing_yards,505,rushing-yards,app-alias,mapped
steezanomics,Receiving Yards,493,receiving-yards,manual,mapped
fanduel,home_runs,487,home-runs,app-alias,mapped
comparenbet,player_goals+assists,466,goals-assists,manual,mapped
draftkings,Receiving Yards,453,receiving-yards,manual,mapped
betrivers,Home Runs,448,home-runs,app-alias,mapped
kalshi,home_runs,445,home-runs,app-alias,mapped
betrivers,Runs,407,runs,app-alias,mapped
underdog,Receptions,394,receptions,app-alias,mapped
underdog,Rush Yards,382,rushing-yards,app-alias,mapped
fanduel,Receiving Yds,376,receiving-yards,manual,mapped
underdog,1H Receiving Yards,374,1h-receiving-yards,period+manual,mapped
4codds,TOTAL HOME RUNS,373,home-runs,manual,mapped
underdog,1H Receptions,369,1h-receptions,period+app-alias,mapped
betmgm,RushingYards,363,rushing-yards,manual,mapped
draftkings,Hits + Runs + RBIs,360,hits-runs-rbis,app-alias,mapped
underdog,1Q Receptions,356,1q-receptions,period+app-alias,mapped
underdog,1H Rush Yards,354,1h-rushing-yards,period+app-alias,mapped
underdog,Fantasy Points,352,fantasy-points,manual,mapped
comparenbet,player_fantasyScore,345,fantasy-points,manual,mapped
underdog,1H Rec Yards,345,1h-receiving-yards,period+manual,mapped
draftkings,Hits,342,pitcher-hits-allowed|hits,position,position
fanduel,stolen_bases,339,stolen-bases,app-alias,mapped
underdog,1H Rush + Rec TDs,327,1h-rush-rec-tds,period+app-alias,mapped
sleeper,rushing_yards,324,rushing-yards,app-alias,mapped
underdog,Hits + Runs + RBIs,319,hits-runs-rbis,app-alias,mapped
underdog,Longest Rush,316,longest-rush,manual,mapped
steezanomics,Receptions,309,receptions,app-alias,mapped
underdog,Total Bases,295,total-bases,manual,mapped
underdog,Hits,277,pitcher-hits-allowed|hits,position,position
underdog,Rush + Rec Yards,277,rush-rec-yards,manual,mapped
draftkings,RBIs,275,rbis,app-alias,mapped
draftkings,Runs,275,runs,app-alias,mapped
draftkings,Doubles,274,doubles,app-alias,mapped
underdog,Pass + Rush Yards,274,pass-rush-yards,manual,mapped
draftkings,Singles,273,singles,manual,mapped
sleeper,hits_runs_rbis,272,hits-runs-rbis,app-alias,mapped
steezanomics,Total Bases,264,total-bases,manual,mapped
sleeper,total_bases,260,total-bases,manual,mapped
underdog,1Q Rush Yards,259,1q-rushing-yards,period+app-alias,mapped
betmgm,Strikeout,258,pitcher-strikeouts|batter-strikeouts,position,position
underdog,Home Runs,255,home-runs,app-alias,mapped
underdog,RBIs,254,rbis,app-alias,mapped
underdog,1Q Rec Yards,252,1q-receiving-yards,period+manual,mapped
steezanomics,Rushing Yards,250,rushing-yards,app-alias,mapped
underdog,Runs,250,runs,app-alias,mapped
sleeper,hits,248,pitcher-hits-allowed|hits,position,position
comparenbet,player_batting_firstHomeRun,247,first-home-run,manual,mapped
steezanomics,H+R+RBI,246,hits-runs-rbis,manual,mapped
kalshi,passing_yards,245,passing-yards,app-alias,mapped
betmgm,Base,242,total-bases,manual,mapped
fanduel,doubles,242,doubles,app-alias,mapped
fanduel,singles,242,singles,manual,mapped
sleeper,kills_maps_1_2,240,,no-app-sport,no-app-sport
sleeper,singles,239,singles,manual,mapped
pinnacle,Total Bases,238,total-bases,manual,mapped
sleeper,runs,238,runs,app-alias,mapped
steezanomics,Hits,235,pitcher-hits-allowed|hits,position,position
betmgm,Hits,234,pitcher-hits-allowed|hits,position,position
underdog,Batter Walks,234,walks,app-alias,mapped
underdog,1Q Rush + Rec TDs,232,1q-rush-rec-tds,period+app-alias,mapped
comparenbet,player_batting_runs+rbi,231,runs-rbis,manual,mapped
sleeper,rbis,231,rbis,app-alias,mapped
steezanomics,RBIs,230,rbis,app-alias,mapped
underdog,1H Pass Yards,230,1h-passing-yards,period+app-alias,mapped
sleeper,bat_walks,228,walks,manual,mapped
betmgm,Player doubles,227,doubles,manual,mapped
betmgm,Player singles,227,singles,manual,mapped
betmgm,Player triples,227,triples,manual,mapped
betmgm,RBI,227,rbis,manual,mapped
betmgm,Runs,226,runs,app-alias,mapped
steezanomics,Home Runs,226,home-runs,app-alias,mapped
steezanomics,Singles,226,singles,manual,mapped
draftkings,Walks (Batter),225,walks,manual,mapped
steezanomics,Runs,225,runs,app-alias,mapped
betrivers,RBI,224,rbis,manual,mapped
steezanomics,Doubles,224,doubles,app-alias,mapped
betrivers,Doubles,223,doubles,app-alias,mapped
betmgm,PassingYards,220,passing-yards,manual,mapped
betmgm,Reception Yards,219,receiving-yards,manual,mapped
sleeper,headshots_maps_1_2,219,,no-app-sport,no-app-sport
steezanomics,Walks,217,pitcher-walks-allowed|walks,position,position
fanduel,Rushing Yds,216,rushing-yards,manual,mapped
pinnacle,Total Receiving Yards,214,receiving-yards,manual,mapped
sleeper,passing_yards,211,passing-yards,app-alias,mapped
kalshi,strikeouts,204,pitcher-strikeouts|batter-strikeouts,position,position
underdog,1H Receiving TDs,203,1h-receiving-tds,period+manual,mapped
underdog,Rush Attempts,199,rushing-attempts,manual,mapped
comparenbet,player_batting_triples,190,triples,manual,mapped
betrivers,Passing & Rushing Yards,187,pass-rush-yards,manual,mapped
fanduel,Total Receptions,187,receptions,manual,mapped
steezanomics,Longest Reception,186,longest-reception,manual,mapped
underdog,1Q Pass Yards,186,1q-passing-yards,period+app-alias,mapped
underdog,1st Set Games Won,186,1s-games-won,period+app-alias,mapped
pinnacle,Total Home Runs,185,home-runs,manual,mapped
draftkings,Rushing Yards,184,rushing-yards,app-alias,mapped
underdog,1Q Receiving Yards,181,1q-receiving-yards,period+manual,mapped
sleeper,receptions,177,receptions,app-alias,mapped
underdog,Pass Yards,172,passing-yards,app-alias,mapped
sleeper,longest_reception,170,longest-reception,manual,mapped
steezanomics,Rush + Rec Yards,165,rush-rec-yards,manual,mapped
betmgm,Rushing Yards,164,rushing-yards,app-alias,mapped
draftkings,Receptions,164,receptions,app-alias,mapped
betrivers,Touchdown Passes,158,passing-tds,manual,mapped
underdog,1H Rush TDs,155,1h-rushing-tds,period+app-alias,mapped
underdog,Longest Completion,146,longest-completion,app-alias,mapped
betmgm,Passing Yards,143,passing-yards,app-alias,mapped
betrivers,Stolen Bases,136,stolen-bases,app-alias,mapped
oddstrader,Player Doubles,135,doubles,manual,mapped
underdog,Kills on Map 1,134,,no-app-sport,no-app-sport
underdog,Targets,134,targets,manual,mapped
draftkings,Total Bases,128,total-bases,manual,mapped
underdog,Fumbles Lost,126,fumbles-lost,manual,mapped
betrivers,Rushing & Receiving Yards,124,rush-rec-yards,manual,mapped
kalshi,passing_tds,121,passing-tds,manual,mapped
betmgm,Total Passing + Rushing Yards,119,pass-rush-yards,manual,mapped
underdog,1H Rush + Rec Yards,119,1h-rush-rec-yards,period+manual,mapped
betrivers,Pass Attempts,118,pass-attempts,manual,mapped
draftkings,Rushing + Receiving Yards,118,rush-rec-yards,manual,mapped
pinnacle,Total Rushing Yards,118,rushing-yards,manual,mapped
fanduel,Passing Yds,117,passing-yards,manual,mapped
underdog,Stolen Bases,117,stolen-bases,app-alias,mapped
underdog,Sets Won,115,sets-won,manual,mapped
pinnacle,Total Receptions,113,receptions,manual,mapped
underdog,1Q Rush TDs,113,1q-rushing-tds,period+app-alias,mapped
betmgm,Rushing and Reception Yards,111,rush-rec-yards,manual,mapped
underdog,1st Set Games Played,108,1s-games-played,period+manual,mapped
betmgm,TouchdownPass,106,passing-tds,manual,mapped
draftkings,Stolen Bases,104,stolen-bases,app-alias,mapped
underdog,Pass Attempts,104,pass-attempts,manual,mapped
underdog,Pass TDs,104,passing-tds,app-alias,mapped
comparenbet,player_last_goal_scorer,103,last-goalscorer,manual,mapped
betrivers,Strikeouts thrown,102,pitcher-strikeouts,source-manual,mapped
comparenbet,player_last_td,101,last-td-scorer,manual,mapped
steezanomics,Passing Yards,100,passing-yards,app-alias,mapped
sleeper,passing_touchdowns,99,passing-tds,app-alias,mapped
fanduel,Passing TDs,98,passing-tds,manual,mapped
underdog,1Q Receiving TDs,98,1q-receiving-tds,period+manual,mapped
underdog,INTs Thrown,98,interceptions-thrown,app-alias,mapped
betmgm,RushingReceivingYards,96,rush-rec-yards,manual,mapped
betrivers,Interceptions Thrown,96,interceptions-thrown,manual,mapped
underdog,Completions,94,passing-completions,manual,mapped
comparenbet,player_first_goal_scorer,92,first-goalscorer,manual,mapped
steezanomics,Passing Touchdowns,92,passing-tds,app-alias,mapped
steezanomics,Stolen Bases,92,stolen-bases,app-alias,mapped
betrivers,Pass Completions,90,passing-completions,manual,mapped
underdog,1H Pass TDs,90,1h-passing-tds,period+app-alias,mapped
draftkings,Outs,89,pitcher-outs,app-alias,mapped
underdog,Batter Strikeouts,89,batter-strikeouts,app-alias,mapped
underdog,1Q Pass TDs,87,1q-passing-tds,period+app-alias,mapped
draftkings,Passing Yards,86,passing-yards,app-alias,mapped
underdog,1Q Rush + Rec Yards,86,1q-rush-rec-yards,period+manual,mapped
underdog,Games Played,86,games-played,manual,mapped
underdog,Sets Played,86,sets-played,manual,mapped
underdog,Tiebreakers Played,85,tiebreakers-played,manual,mapped
underdog,Aces,83,aces,app-alias,mapped
underdog,Assists,82,assists,app-alias,mapped
underdog,Games Won,82,games-won,app-alias,mapped
underdog,Kicking Points,82,kicking-points,manual,mapped
steezanomics,Rushing Attempts,78,rushing-attempts,manual,mapped
steezanomics,Longest Rush,75,longest-rush,manual,mapped
underdog,Doubles,75,doubles,app-alias,mapped
underdog,Singles,75,singles,manual,mapped
underdog,XP Made,75,extra-points-made,manual,mapped
underdog,FG Made,74,field-goals-made,app-alias,mapped
underdog,Fantasy Points in Games 1+2,74,,no-app-sport,no-app-sport
draftkings,Rushing Attempts,73,rushing-attempts,manual,mapped
draftkings,Strikeouts Thrown,73,pitcher-strikeouts,source-manual,mapped
sleeper,passing_and_rushing_yards,71,pass-rush-yards,manual,mapped
betrivers,Rush Attempts,70,rushing-attempts,manual,mapped
betmgm,Receptions,69,receptions,app-alias,mapped
fanduel,Rushing + Receiving Yds,69,rush-rec-yards,manual,mapped
underdog,Last TD Scorer,67,last-td-scorer,manual,mapped
comparenbet,player_reception_tds,65,receiving-tds,manual,mapped
4codds,TOTAL HITS ALLOWED,64,pitcher-hits-allowed,source-manual,mapped
sleeper,rushing_attempts,63,rushing-attempts,manual,mapped
betmgm,Longest Reception,60,longest-reception,manual,mapped
betrivers,Touchdown Passes Thrown,60,passing-tds,manual,mapped
pinnacle,Total Passing Yards,60,passing-yards,manual,mapped
underdog,Points ,59,points,app-alias,mapped
underdog,Rebounds,59,rebounds,app-alias,mapped
draftkings,Passing + Rushing Yards,58,pass-rush-yards,manual,mapped
underdog,Finishing Position,58,,skip:motorsport (no app sport),skip
underdog,Breakpoints Won,57,break-points-won,manual,mapped
comparenbet,player_receiving_targets,56,targets,manual,mapped
sleeper,games_played,56,games-played,manual,mapped
sleeper,rushing_and_receiving_yards,56,rush-rec-yards,manual,mapped
sleeper,longest_rush,55,longest-rush,manual,mapped
betrivers,Rushing Attempts,54,rushing-attempts,manual,mapped
draftkings,Hits Allowed,54,pitcher-hits-allowed,app-alias,mapped
sleeper,games_won,54,games-won,app-alias,mapped
draftkings,Hits Allowed + Walks Allowed + Earned Runs Allowed,53,pitcher-hits-walks-earned-runs,manual,mapped
pinnacle,Total Touchdown Passes,53,passing-tds,manual,mapped
underdog,Regular Season Goals,52,,skip:season-long future,skip
4codds,TEAM TOTAL RUNS,51,,team-market,not-a-player-prop
betrivers,Yards of Longest Reception,51,longest-reception,manual,mapped
sleeper,kicking_points,48,kicking-points,manual,mapped
underdog,Strikeouts,45,pitcher-strikeouts|batter-strikeouts,position,position
4codds,TOTAL STRIKEOUTS,44,pitcher-strikeouts,source-manual,mapped
pinnacle,Total Rush Attempts,42,rushing-attempts,manual,mapped
sleeper,longest_passing_completion,42,longest-completion,manual,mapped
underdog,Pitching Outs,42,pitcher-outs,app-alias,mapped
underdog,Points,41,points,app-alias,mapped
draftkings,Passing Attempts,38,pass-attempts,manual,mapped
draftkings,Passing Completions,38,passing-completions,manual,mapped
oddstrader,Receptions,37,receptions,app-alias,mapped
underdog,Regular Season Points,37,,skip:season-long future,skip
underdog,Sacks,37,sacks,app-alias,mapped
sleeper,pass_completions,36,passing-completions,manual,mapped
sleeper,passing_attempts,36,pass-attempts,manual,mapped
underdog,Hits Allowed,36,pitcher-hits-allowed,app-alias,mapped
underdog,Tackles + Assists,36,tackles-assists,manual,mapped
sleeper,outs,34,pitcher-outs,app-alias,mapped
underdog,Defensive INTs,34,defensive-interceptions,manual,mapped
draftkings,Earned Runs Allowed,33,earned-runs,manual,mapped
draftkings,Walks Allowed,33,pitcher-walks-allowed,manual,mapped
underdog,Significant Strikes,33,,no-app-sport,no-app-sport
4codds,TOTAL EARNED RUNS,32,earned-runs,source-manual,mapped
pinnacle,Total Pass Completions,32,passing-completions,manual,mapped
steezanomics,Longest Completion,32,longest-completion,app-alias,mapped
underdog,Solo Tackles,32,solo-tackles,manual,mapped
comparenbet,player_rush_tds,31,rushing-tds,manual,mapped
draftkings,Passing Touchdowns,31,passing-tds,app-alias,mapped
sleeper,extra_point_made,31,extra-points-made,manual,mapped
underdog,Goals,31,goals,app-alias,mapped
pinnacle,Total Pass Attempts,30,pass-attempts,manual,mapped
underdog,Walks Allowed,30,pitcher-walks-allowed,manual,mapped
betmgm,Passing Attempts,29,pass-attempts,manual,mapped
steezanomics,Passing Attempts,29,pass-attempts,manual,mapped
underdog,Earned Runs Allowed,29,earned-runs,manual,mapped
comparenbet,player_punting_numPunts,28,,none,unmapped
draftkings,Interceptions Thrown,28,interceptions-thrown,manual,mapped
sleeper,interceptions,28,interceptions-thrown,manual,mapped
sleeper,points,28,points,app-alias,mapped
steezanomics,Completions,28,passing-completions,manual,mapped
steezanomics,Interceptions,28,interceptions-thrown,manual,mapped
betrivers,Strikeouts,27,pitcher-strikeouts|batter-strikeouts,position,position
fanduel,Strikeouts,27,pitcher-strikeouts|batter-strikeouts,position,position
pinnacle,Total Interceptions,27,interceptions-thrown,manual,mapped
underdog,Pts + Rebs + Asts,27,points-rebounds-assists,manual,mapped
betmgm,Longest Pass,26,longest-pass,manual,mapped
betmgm,Pass Completions,26,passing-completions,manual,mapped
betrivers,Yards of Longest Rush,26,longest-rush,manual,mapped
sleeper,goals_against,26,goals-against,app-alias,mapped
betrivers,Outs,25,pitcher-outs,app-alias,mapped
sleeper,earned_runs,24,earned-runs,app-alias,mapped
sleeper,hits_allowed,24,pitcher-hits-allowed,app-alias,mapped
steezanomics,Earned Runs,24,earned-runs,app-alias,mapped
underdog,1st Inn. Batters Faced,24,1i-pitcher-batters-faced,period+manual,mapped
underdog,1st Inn. Hits Allowed,24,1i-pitcher-hits-allowed,period+app-alias,mapped
underdog,1st Inn. Pitch Count,24,1i-pitcher-pitches-thrown,period+manual,mapped
underdog,1st Inn. Runs Allowed,24,1i-pitcher-runs-allowed,period+manual,mapped
underdog,1st Inn. Strikeouts,24,1i-pitcher-strikeouts|1i-batter-strikeouts,period+position,position
underdog,1st Round Finish,24,,no-app-sport,no-app-sport
underdog,2nd Round Finish,24,,no-app-sport,no-app-sport
underdog,3rd Round Finish,24,,no-app-sport,no-app-sport
underdog,Finishes,24,,no-app-sport,no-app-sport
underdog,Knockouts,24,,no-app-sport,no-app-sport
underdog,Submissions,24,,no-app-sport,no-app-sport
comparenbet,player_1st_td,23,first-td-scorer,manual,mapped
sleeper,strike_outs,23,pitcher-strikeouts|batter-strikeouts,position,position
steezanomics,Outs,23,pitcher-outs,app-alias,mapped
steezanomics,Strikeouts,23,pitcher-strikeouts|batter-strikeouts,position,position
pinnacle,Total Strikeouts,22,pitcher-strikeouts,source-manual,mapped
sleeper,walks,22,pitcher-walks-allowed|walks,position,position
underdog,Points + Rebounds,22,points-rebounds,manual,mapped
underdog,Qualifying Position,22,,no-app-sport,no-app-sport
comparenbet,player_pitching_win,21,pitcher-win,manual,mapped
steezanomics,Hits Allowed,21,pitcher-hits-allowed,app-alias,mapped
sleeper,assists,20,assists,app-alias,mapped
sleeper,first_half_goals_against,20,1h-goals-against,period+app-alias,mapped
sleeper,first_inning_runs,20,1i-runs,period+app-alias,mapped
comparenbet,player_passing_sacksTaken,19,,none,unmapped
pinnacle,Total Earned Runs,18,earned-runs,manual,mapped
pinnacle,Total Hits Allowed,18,pitcher-hits-allowed,manual,mapped
sleeper,rebounds,18,rebounds,app-alias,mapped
steezanomics,Threes,17,three-pointers-made,manual,mapped
underdog,Points + Assists,17,points-assists,manual,mapped
betmgm,Rushing Attempts,16,rushing-attempts,manual,mapped
pinnacle,Total Touchdowns,16,anytime-td,manual,mapped
sleeper,field_goal_made,16,field-goals-made,manual,mapped
steezanomics,Rebounds,16,rebounds,app-alias,mapped
underdog,Headshots on Map 1,16,,no-app-sport,no-app-sport
underdog,Points Won,16,points-won,manual,mapped
betmgm,Hits Allowed,15,pitcher-hits-allowed,app-alias,mapped
comparenbet,player_pitching_pitchesThrown,15,pitcher-pitches-thrown,manual,mapped
sleeper,doubles,15,doubles,app-alias,mapped
sleeper,significant_strikes,15,,no-app-sport,no-app-sport
sleeper,tackles,15,tackles,app-alias,mapped
steezanomics,Points,15,points,app-alias,mapped
underdog,Fight Time (Mins),15,,no-app-sport,no-app-sport
betrivers,Yards of Longest Completed Pass,14,longest-completion,manual,mapped
comparenbet,player_punting_puntsInside20,14,,none,unmapped
sleeper,tackles_and_assists,14,tackles-assists,manual,mapped
underdog,1st Set Aces,14,1s-aces,period+app-alias,mapped
underdog,Double Faults,14,double-faults,manual,mapped
underdog,Plus Minus,14,,none,unmapped
sleeper,atleast_birdies,13,birdies-or-better,manual,mapped
sleeper,strokes,13,strokes,manual,mapped
pinnacle,Total Field Goals,12,field-goals-made,manual,mapped
underdog,3-Pointers Made,12,three-pointers-made,manual,mapped
underdog,Shots on Goal,12,shots-on-goal,app-alias,mapped
comparenbet,player_pitching_strikesThrown,11,pitcher-strikes-thrown,manual,mapped
steezanomics,Assists,11,assists,app-alias,mapped
underdog,Rebounds + Assists,11,rebounds-assists,manual,mapped
betmgm,LongestPass,10,longest-pass,manual,mapped
betmgm,PassingRushingYards,10,pass-rush-yards,manual,mapped
oddstrader,Player To Hit A Home Run,10,home-runs,manual,mapped
sleeper,breakpts_won,10,break-points-won,manual,mapped
sleeper,goalie_fantasy_points,10,goalie-fantasy-points,manual,mapped
underdog,Assists on Maps 1+2+3,10,,no-app-sport,no-app-sport
underdog,Fantasy Points on Maps 1+2+3,10,,no-app-sport,no-app-sport
underdog,Kills on Maps 1+2+3,10,,no-app-sport,no-app-sport
betmgm,PassAttempt,9,pass-attempts,manual,mapped
betrivers,Defensive Tackles (both solo & assists),9,tackles-assists,manual,mapped
sleeper,threes_made,9,three-pointers-made,manual,mapped
betmgm,PassCompleted,8,passing-completions,manual,mapped
sleeper,home_runs,8,home-runs,app-alias,mapped
sleeper,pts_reb_ast,8,points-rebounds-assists,manual,mapped
betmgm,Interceptions Thrown,7,interceptions-thrown,manual,mapped
comparenbet,player_rushing_yardsPerAttempt,7,rush-yards-per-attempt,manual,mapped
underdog,Takedowns,7,,no-app-sport,no-app-sport
betmgm,Hits allowed,6,pitcher-hits-allowed,app-alias,mapped
betmgm,Kicking Points,6,kicking-points,manual,mapped
steezanomics,PRA,6,points-rebounds-assists,manual,mapped
underdog,1+ Pass TDs in Each Half,6,,skip:yes/no special,skip
underdog,Blocked Shots,6,blocked-shots,app-alias,mapped
betmgm,RushingAttempt,5,rushing-attempts,manual,mapped
draftkings,WR.TE Fantasy Points,5,fantasy-points,manual,mapped
sleeper,bogeys_or_worse,5,bogeys-or-worse,manual,mapped
sleeper,takedowns,5,,no-app-sport,no-app-sport
sleeper,total_fight_time,5,,no-app-sport,no-app-sport
betmgm,Extra Points Made,4,extra-points-made,manual,mapped
betmgm,Field Goals Made,4,field-goals-made,manual,mapped
comparenbet,player_shots_on_goal,4,shots-on-goal,app-alias,mapped
sleeper,stolen_bases,4,stolen-bases,app-alias,mapped
underdog,Faceoffs Won,4,,none,unmapped
underdog,Total TDs,4,anytime-td,manual,mapped
sleeper,first_touchdown,3,first-td-scorer,app-alias,mapped
sleeper,sacks,3,sacks,app-alias,mapped
underdog,Game High Rush Yards,3,,skip:who-leads special,skip
betrivers,Kicking points,2,kicking-points,manual,mapped
betrivers,Successful Field Goals,2,field-goals-made,manual,mapped
comparenbet,player_tackles,2,tackles,manual,mapped
draftkings,QB Fantasy Points,2,fantasy-points,manual,mapped
draftkings,RB Fantasy Points,2,fantasy-points,manual,mapped
sleeper,shots_on_target,2,shots-on-target,manual,mapped
underdog,1H Points,2,1h-points,period+app-alias,mapped
underdog,4th Round Finish,2,,no-app-sport,no-app-sport
underdog,5th Round Finish,2,,no-app-sport,no-app-sport
underdog,Game High Pass Yards,2,,skip:who-leads special,skip
underdog,Goals Against,2,goals-against,app-alias,mapped
underdog,Power Play Points,2,,none,unmapped
underdog,Saves,2,saves,manual,mapped
betmgm,CombinedRuns,1,,skip:ambiguous (1 market/day),skip
comparenbet,player_pitching_battersFaced,1,pitcher-batters-faced,manual,mapped
oddstrader,Player to score a touchdown,1,anytime-td,manual,mapped
oddstrader,Player to score first touchdown,1,first-td-scorer,manual,mapped
underdog,1H Assists,1,1h-assists,period+app-alias,mapped
underdog,1H Pts + Rebs + Asts,1,1h-points-rebounds-assists,period+manual,mapped
