market,rows_2h,period,type,status
sp,65065,fg,sp,mapped
tot,58773,fg,tot,mapped
ml,51401,fg,ml,mapped
prop,10048,fg,,not-a-game-market (player/special prop row)
team_points_ou,5200,fg,tt,mapped
1h_sp,5169,1h,sp,mapped
1h_tot,5148,1h,tot,mapped
1h_ml,5087,1h,ml,mapped
1h_h2h_3way,5035,1h,ml3,mapped
tt_away,4770,fg,tt_away,mapped
tt_home,4662,fg,tt_home,mapped
1q_sp,3923,1q,sp,mapped
1q_tot,3918,1q,tot,mapped
1q_ml,3854,1q,ml,mapped
1h_totals,3322,1h,tot,mapped
1h_spreads,2755,1h,sp,mapped
1h_h2h,2580,1h,ml,mapped
h2h_3way,2447,fg,ml3,mapped
3q_ml,2333,3q,ml,mapped
4q_ml,2272,4q,ml,mapped
2q_ml,2264,2q,ml,mapped
3q_tot,2249,3q,tot,mapped
4q_sp,2235,4q,sp,mapped
4q_tot,2232,4q,tot,mapped
2q_tot,2230,2q,tot,mapped
1h_tt_home,2100,1h,tt_home,mapped
1h_tt_away,2053,1h,tt_away,mapped
1h_team_points_ou,1947,1h,tt,mapped
total_points_odd_even,1914,fg,odd_even,mapped
total_points_eo,1804,fg,odd_even,mapped
1q_spreads,1554,1q,sp,mapped
1q_h2h,1400,1q,ml,mapped
1h_points_eo,1367,1h,odd_even,mapped
1q_tt_away,1238,1q,tt_away,mapped
1q_tt_home,1213,1q,tt_home,mapped
2h_sp,1213,2h,sp,mapped
2h_ml,1211,2h,ml,mapped
2h_tot,1208,2h,tot,mapped
3q_sp,1078,3q,sp,mapped
2q_sp,1055,2q,sp,mapped
1h_touchdowns_ou,1047,1h,tds_ou,mapped
2h_h2h_3way,1034,2h,ml3,mapped
overtime_yes_no,1008,fg,overtime_yn,mapped
1q_totals,1003,1q,tot,mapped
1ix5_totals,924,f5,tot,mapped
2h_totals,924,2h,tot,mapped
1ix5_spreads,908,f5,sp,mapped
p1_sp,878,p1,sp,mapped
1ix5_h2h,864,f5,ml,mapped
2h_team_points_ou,730,2h,tt,mapped
1i_totals,703,i1,tot,mapped
2h_h2h,663,2h,ml,mapped
2h_tt_away,648,2h,tt_away,mapped
2h_tt_home,636,2h,tt_home,mapped
1i_h2h_3way,618,i1,ml3,mapped
team_touchdowns_ou,589,fg,team_tds_ou,mapped
f5_ml,577,f5,ml,mapped
bothteamsscored_yn,564,fg,btts,mapped
2q_h2h,556,2q,ml,mapped
1q_team_points_ou,552,1q,tt,mapped
1ix3_h2h_3way,551,f3,ml3,mapped
1i_points_yn,543,i1,score_yn,mapped
3q_h2h,542,3q,ml,mapped
3q_spreads,533,3q,sp,mapped
2h_spreads,513,2h,sp,mapped
1ix5_h2h_3way,505,f5,ml3,mapped
4q_h2h,498,4q,ml,mapped
1q_points_eo,489,1q,odd_even,mapped
f5_tot,481,f5,tot,mapped
1h_bothteamsscored_yn,447,1h,btts,mapped
2q_spreads,444,2q,sp,mapped
4q_spreads,443,4q,sp,mapped
team_points_eo,441,fg,team_odd_even,mapped
points_yn_away,438,fg,score_yn_away,mapped
1ix3_spreads,419,f3,sp,mapped
1ix3_h2h,416,f3,ml,mapped
1ix3_totals,415,f3,tot,mapped
points_yn,410,fg,score_yn,mapped
f5_sp,409,f5,sp,mapped
first_to_score,399,fg,first_to_score,mapped
1q_h2h_3way,379,1q,ml3,mapped
points_yn_home,371,fg,score_yn_home,mapped
8i_h2h_3way,343,i8,ml3,mapped
1h_points_yn_home,342,1h,score_yn_home,mapped
1h_points_yn_away,341,1h,score_yn_away,mapped
4q_h2h_3way,332,4q,ml3,mapped
2h_points_yn_away,330,2h,score_yn_away,mapped
p1_tot,326,p1,tot,mapped
7i_h2h_3way,324,i7,ml3,mapped
6i_h2h_3way,317,i6,ml3,mapped
2q_totals,315,2q,tot,mapped
firstinning_tot,303,i1,tot,mapped
2h_points_yn_home,299,2h,score_yn_home,mapped
3q_h2h_3way,296,3q,ml3,mapped
5i_h2h_3way,296,i5,ml3,mapped
3q_totals,293,3q,tot,mapped
1x2,288,fg,ml3,mapped
1ix7_totals,285,f7,tot,mapped
4q_totals,285,4q,tot,mapped
9i_h2h_3way,282,i9,ml3,mapped
2h_bothteamsscored_yn,280,2h,btts,mapped
2h_points_eo,280,2h,odd_even,mapped
total_touchdowns_ou,273,fg,tds_ou,mapped
firstinning_ml,265,i1,ml,mapped
4i_h2h_3way,262,i4,ml3,mapped
1ix7_spreads,224,f7,sp,mapped
2i_h2h_3way,212,i2,ml3,mapped
3i_h2h_3way,212,i3,ml3,mapped
1ix7_h2h_3way,207,f7,ml3,mapped
2q_h2h_3way,203,2q,ml3,mapped
1ix7_team_points_ou,192,f7,tt,mapped
1mx10_h2h_3way,186,m10,ml3,mapped
defensive_safeties,184,fg,safety_yn,mapped
2h_points_yn,182,2h,score_yn,mapped
8i_points_yn,175,i8,score_yn,mapped
8i_totals,167,i8,tot,mapped
team_w_highest_scoring_inning,164,fg,highest_scoring_inning,mapped
1h_points_yn,149,1h,score_yn,mapped
1ix3_team_points_ou,148,f3,tt,mapped
6i_points_yn,148,i6,score_yn,mapped
6i_totals,148,i6,tot,mapped
7i_points_yn,142,i7,score_yn,mapped
7i_totals,142,i7,tot,mapped
team_to_win_more_innings,141,fg,more_innings,mapped
1i_spreads,139,i1,sp,mapped
9i_points_yn,137,i9,score_yn,mapped
1ix5_team_points_ou,136,f5,tt,mapped
1ix7_h2h,136,f7,ml,mapped
1s_h2h,136,s1,ml,mapped
touchdowns_yn_away,136,fg,td_yn_away,mapped
p1_tt_home,135,p1,tt_home,mapped
p1_tt_away,134,p1,tt_away,mapped
even_odd,123,fg,odd_even,mapped
1h_even_odd,120,1h,odd_even,mapped
2h_even_odd,120,2h,odd_even,mapped
f5_tt_away,114,f5,tt_away,mapped
4i_points_yn,114,i4,score_yn,mapped
4i_totals,114,i4,tot,mapped
5i_points_yn,113,i5,score_yn,mapped
5i_totals,113,i5,tot,mapped
p3_ml,109,p3,ml,mapped
f5_tt_home,102,f5,tt_home,mapped
touchdowns_yn_home,102,fg,td_yn_home,mapped
p3_sp,101,p3,sp,mapped
race_to_seven_runs,97,fg,race_to_7,mapped
1q_bothteamsscored_yn,96,1q,btts,mapped
9i_totals,96,i9,tot,mapped
1p_ml,95,p1,ml,mapped
2p_ml,92,p2,ml,mapped
5i_spreads,90,i5,sp,mapped
2p_sp,87,p2,sp,mapped
3p_ml,87,p3,ml,mapped
race_to_five_runs,86,fg,race_to_5,mapped
1p_sp,86,p1,sp,mapped
1q_points_yn_away,85,1q,score_yn_away,mapped
3i_points_yn,83,i3,score_yn,mapped
firstinning_sp,81,i1,sp,mapped
3i_totals,81,i3,tot,mapped
p1_ml,81,p1,ml,mapped
3p_sp,81,p3,sp,mapped
live_ml,78,live,ml,mapped
4i_spreads,78,i4,sp,mapped
6i_points_eo,78,i6,odd_even,mapped
9i_spreads,78,i9,sp,mapped
live_sp,76,live,sp,mapped
1q_points_yn_home,72,1q,score_yn_home,mapped
6i_spreads,72,i6,sp,mapped
2i_points_yn,71,i2,score_yn,mapped
2i_totals,71,i2,tot,mapped
8i_spreads,70,i8,sp,mapped
7i_spreads,69,i7,sp,mapped
8i_points_eo,68,i8,odd_even,mapped
p3_tot,65,p3,tot,mapped
p3_tt_away,65,p3,tt_away,mapped
1i_points_eo,64,i1,odd_even,mapped
7i_points_eo,63,i7,odd_even,mapped
3i_points_eo,62,i3,odd_even,mapped
p3_tt_home,62,p3,tt_home,mapped
live_tot,60,live,tot,mapped
3q_tt_away,54,3q,tt_away,mapped
live_tt_away,54,live,tt_away,mapped
5i_points_eo,54,i5,odd_even,mapped
4i_points_eo,53,i4,odd_even,mapped
1p_tot,52,p1,tot,mapped
2p_tot,52,p2,tot,mapped
4p_sp,52,p4,sp,mapped
1i_batting_hits_yn,51,i1,hit_yn,mapped
3q_tt_home,50,3q,tt_home,mapped
1ix3_points_yn,49,f3,score_yn,mapped
1ix3_points_yn_away,48,f3,score_yn_away,mapped
2i_points_eo,48,i2,odd_even,mapped
2i_spreads,47,i2,sp,mapped
team_field_goals_ou,47,fg,team_fg_ou,mapped
4p_ml,43,p4,ml,mapped
2q_tt_home,42,2q,tt_home,mapped
4i_team_points_ou,40,i4,tt,mapped
3i_spreads,39,i3,sp,mapped
1i_h2h,34,i1,ml,mapped
3q_touchdowns_ou,33,3q,tds_ou,mapped
1h_firsttoscore_yn_away,32,1h,first_to_score_away,mapped
1h_firsttoscore_yn_home,32,1h,first_to_score_home,mapped
1s_totals,30,s1,tot,mapped
3q_bothteamsscored_yn,29,3q,btts,mapped
5i_team_points_ou,29,i5,tt,mapped
4q_bothteamsscored_yn,28,4q,btts,mapped
2q_tt_away,24,2q,tt_away,mapped
1s_team_points_ou,24,s1,tt,mapped
fieldgoals_made_yn_home,23,fg,fg_yn_home,mapped
first_team_to_15_points,23,fg,race_to_15,mapped
first_team_to_20_points,23,fg,race_to_20,mapped
2q_bothteamsscored_yn,20,2q,btts,mapped
3i_team_points_ou,20,i3,tt,mapped
4i_points_yn_away,20,i4,score_yn_away,mapped
4i_points_yn_home,20,i4,score_yn_home,mapped
fieldgoals_made_yn_away,20,fg,fg_yn_away,mapped
first_team_to_10_points,20,fg,race_to_10,mapped
race_to_three_runs,20,fg,race_to_3,mapped
5i_points_yn_home,17,i5,score_yn_home,mapped
1ix3_points_yn_home,16,f3,score_yn_home,mapped
1p_h2h,16,p1,ml,mapped
1p_spreads,16,p1,sp,mapped
1q_touchdowns_ou,16,1q,tds_ou,mapped
2h_touchdowns_ou,16,2h,tds_ou,mapped
3i_points_yn_home,16,i3,score_yn_home,mapped
player_to_score_first_touchdown,15,fg,,not-a-game-market (player/special prop row)
live_tt_home,12,live,tt_home,mapped
1ix5_points_yn,12,f5,score_yn,mapped
1p_totals,12,p1,tot,mapped
5i_points_yn_away,12,i5,score_yn_away,mapped
6i_team_points_ou,12,i6,tt,mapped
batting_homeruns_yn_home,12,fg,hr_yn_home,mapped
lasttoscore_yn_away,12,fg,last_to_score_away,mapped
lasttoscore_yn_home,12,fg,last_to_score_home,mapped
batting_homeruns_yn_away,10,fg,hr_yn_away,mapped
2i_team_points_ou,8,i2,tt,mapped
2q_touchdowns_ou,8,2q,tds_ou,mapped
6i_points_yn_away,8,i6,score_yn_away,mapped
player_to_score_a_touchdown,7,fg,,not-a-game-market (player/special prop row)
1s_spreads,6,s1,sp,mapped
3q_points_yn_home,6,3q,score_yn_home,mapped
total_field_goals_ou,6,fg,fg_ou,mapped
touchdowns_yn,6,fg,td_yn,mapped
3q_team_points_ou,5,3q,tt,mapped
2i_points_yn_away,4,i2,score_yn_away,mapped
2i_points_yn_home,4,i2,score_yn_home,mapped
3i_points_yn_away,4,i3,score_yn_away,mapped
4q_touchdowns_ou,4,4q,tds_ou,mapped
6i_points_yn_home,4,i6,score_yn_home,mapped
fieldgoals_made_yn,4,fg,fg_yn,mapped
receiving_touchdowns_yn_away,4,fg,rec_td_yn_away,mapped
team_to_score_the_first_field_goal,2,fg,first_fg_team,mapped
